{"o2rxxJoFXrc7pxAsDhNVlg==":"dall%C2%B7e%202024-01-17%2014.38.14%20-%20modify%20the%20previously%20created%20logo%20for%20'revamp',%20a%20website%20design_redesign%20business,%20by%20placing%20it%20on%20a%20transparent%20background.%20maintain%20the%20theme%20col-96x96.png","UMykf0DszFRr3VoJNtM+tg==":"dall%C2%B7e%202024-01-17%2015.39.28%20-%20create%20a%20hero%20section%20image%20for%20a%20website%20design%20business.%20use%20#4284df%20as%20the%20background%20color.%20the%20image%20should%20visually%20represent%20the%20concept%20of%20'we-1014x579.png","JM+Nk1s3XFrGl3Lg1070Dg==":"dall%C2%B7e%202024-01-17%2015.46.40%20-%20create%20an%20image%20of%20a%20cartoon%20man%20in%20a%20professional%20setting,%20presenting%20a%20modern,%20flat%20design%20website%20on%20a%20screen%20or%20monitor%20instead%20of%20a%20clipboard.%20th-1014x1014.png","HpzjA3xRKd/yxPytfAXO2Q==":"capture-1014x748.png","IZshxd4J6pzfsDplsDWN7Q==":"flooring-1014x628.png","1csMU2/CoBapkc7P2H4WPw==":"logo2.png","HfXjfUBqWCbkXYju8rTOfA==":"logo2-1.png","c/NXBtbyZ9fji5479gHPHg==":"dall%C2%B7e%202024-01-22%2021.11.34%20-%20portrait%20of%20a%20professional%20woman,%20confident%20and%20smiling,%20with%20short%20hair%20and%20glasses,%20in%20a%20modern%20office%20setting-300x525.png","09f7+yT+KCk9smCoSV3FmQ==":"dall%C2%B7e%202024-01-22%2021.12.48%20-%20portrait%20of%20an%20elegant%20woman,%20cheerful%20with%20long%20hair,%20wearing%20a%20blazer,%20in%20a%20creative%20workspace-300x525.png","oJkqHA8X70Kc0jDUPn9XJw==":"dall%C2%B7e%202024-01-22%2021.13.57%20-%20portrait%20of%20a%20professional%20man,%20thoughtful%20and%20confident,%20with%20a%20beard,%20wearing%20a%20suit,%20in%20a%20modern%20business%20environment-300x525.png","Bfk9DWGnQo6qY9roi1Avxw==":"dall%C2%B7e%202024-01-22%2021.13.54%20-%20portrait%20of%20a%20professional%20man,%20thoughtful%20and%20confident,%20with%20a%20beard,%20wearing%20a%20suit,%20in%20a%20modern%20business%20environment-165x289.png","1FSKQu5UX0Z+cPJtXWTqXw==":"mbr-179x269.jpeg","7JvNhpDLrTInXgvg0eVLYg==":"mbr-300x450.jpeg","I6LOrO/dY26lFju9JQLsIw==":"snip-276x269.png","Iusn4OiNK7x/U/pvMRz2bg==":"snip-1-276x269.png","xvpJTPAlNb3is6EUD9T0oA==":"snip-2-276x269.png","L5TwnsNzHSlofK6KMtlexA==":"mbr-300x430.jpeg","Yp5o1G7z056GCl6CmV8/bg==":"mbr-300x200.jpeg","TEOmOItBS7I90QHXnEvprg==":"mbr-1-300x200.jpeg","smt3yFT3iK9gGJB0pkA0gA==":"digital-96x72.png","dCpbtBpdyZ3IjMQPrF6GFg==":"digital%20(1)-128x96.png","NIZkuunuHmUotRi+DeWVsQ==":"digital%20(1)-596x448.png","kcGKczesAoF+mv1HXzitlA==":"digital%20(2)-1014x762.png","zYCHveyij26qVVBV6Sw9kA==":"background1.jpg","dO5dUgJ+orXea9EbvdrmRQ==":"background4.jpg","oRykAiO0rUD++7AmPeEwUg==":"background1-1.jpg","n1dx+NZv3qks526xC0hZ5Q==":"background13.jpg","Rgqtd7cUg1XfyI2jD8dVkQ==":"mbr-1014x676.jpg","xGcNQrtMjHufgNyulHSvgQ==":"mbr-1404x936.jpg","HIlgDcG5BGI/Eya7bOo8SQ==":"mbr-1920x1280.jpg","qq6M5VwveIDT1GLvWrzPQA==":"mbr-1-1014x676.jpg","kOLU7qg3Q/vSvoRUk9cAvg==":"mbr-1041x694.jpg","Ev9JjovkjJZtTSZkUBbqiw==":"mbr-1-1920x1280.jpg","U6p6f0na8MCY4f/xaqyXFA==":"mbr-2-1920x1280.jpg","67sopVMsXi/7/Q9Q3g6bHw==":"mbr-3-1920x1280.jpg","GSq9Hn/P4Ri11jzdb/EDfA==":"mbr-4-1920x1280.jpg","Br3Oy92QrczX0b/h5kb2Cw==":"mbr-676x437.jpg","vfFMo1pxZYETFoEXi4su3w==":"mbr-676x452.jpg","/LYuqUmvTEj08CkxxKOmGw==":"mbr-676x451.jpg","KeQ4C06dBOzjy6tX8ysc2Q==":"mbr-176x176.jpg","r0O+iuNrZW4Oxw3cEUESHA==":"mbr-176x176.png","jA4ZPTHnN25VCXalrobw7Q==":"mbr-676x449.jpg","6vBlzPaz7oxLkn+wb3AIUg==":"mbr-5-1920x1280.jpg","xnapmf5L0gHN5TV1D2EaGg==":"mbr-676x428.jpg","s7ngiBQEqTvhb8/OR0TZ/g==":"mbr-1-676x451.jpg","r27nZ6wPc6ihx1oBhnoryg==":"mbr-1-676x449.jpg","995nAcaJmoZqZn4rxJEACw==":"mbr-676x450.jpg","Rl0Qh/ULJUFqm8qYtNpSbA==":"mbr-2-676x451.jpg","fFio35NmkSXZnW+qwzuz/A==":"mbr-3-676x451.jpg","gv4juTpls+T6XhkKApLHug==":"dall%C2%B7e%202024-05-15%2013.45.03%20-%20a%20logo%20featuring%20a%20white%20dog%20on%20a%20black%20background.%20the%20dog%20should%20have%20a%20simple%20and%20clean%20design,%20with%20a%20friendly%20and%20approachable%20expression.%20the%20li.webp","rdttIiI49AfXkiGKWbJMCQ==":"logo-342x349.png","JetrRadJB5Ja6Jn3SHvbCA==":"mbr-651x434.jpg","V2oIII5XHXoiy+DXbfxJAg==":"mbr-1280x1920.jpg","I1HhGSU3aOtoNQ/cWdGXog==":"mbr-1-651x434.jpg","4/01HigX27lXniGQ6t99cg==":"mbr-300x200.jpg","p333NvMBjh7Ko3e15IZXFw==":"mbr-2-1014x676.jpg","SjG/g1OQtOSQrXaKAq6sOg==":"mbr-3-1014x676.jpg"}